{"cameraMode":{"drawMode":0,"name":"Shaded","section":"Shading Mode"},"sceneLighting":false,"audioPlay":false,"sceneViewState":{"showFog":true,"showMaterialUpdate":false,"showSkybox":true,"showFlares":true,"showImageEffects":true,"showParticleSystems":true},"in2DMode":false,"pivot":{"x":374.90240478515627,"y":78.63189697265625,"z":184.54119873046876},"rotation":{"x":0.0555732436478138,"y":-0.9408991932868958,"z":0.2744450569152832,"w":0.19052590429782868},"size":65.30625915527344,"orthographic":false}