{"cameraMode":{"drawMode":0,"name":"Shaded","section":"Shading Mode"},"sceneLighting":true,"audioPlay":false,"sceneViewState":{"showFog":true,"showMaterialUpdate":false,"showSkybox":true,"showFlares":true,"showImageEffects":true,"showParticleSystems":true},"in2DMode":false,"pivot":{"x":246.89999389648438,"y":1.0800000429153443,"z":242.10000610351563},"rotation":{"x":0.18703849613666535,"y":-0.8093591332435608,"z":0.433784157037735,"w":0.34897807240486147},"size":3.4294843673706056,"orthographic":false}