{"cameraMode":{"drawMode":0,"name":"Shaded","section":"Shading Mode"},"sceneLighting":true,"audioPlay":false,"sceneViewState":{"showFog":true,"showMaterialUpdate":false,"showSkybox":true,"showFlares":true,"showImageEffects":true,"showParticleSystems":true},"in2DMode":false,"pivot":{"x":262.4563293457031,"y":1.3561978340148926,"z":275.66070556640627},"rotation":{"x":-0.15165922045707704,"y":0.04387814179062843,"z":-0.006739200558513403,"w":-0.987435519695282},"size":7.951527118682861,"orthographic":false}